1,2,3,4,5,6,7,8,9,10,11
/film/260162/,/film/42770/,/film/4996/,/film/1151373/,/film/462515/,/film/925389/,/film/8335/,/film/57004/,/film/196855/,/film/393872/,/film/1245501/
/film/1047883/,/film/41442/,/film/933307/,/film/45660/,/film/102201/,/film/747/,/film/164089/,/film/1163904/,/film/1046033/,/film/2037/,/film/1249233/
/film/336/,/film/929348/,/film/875/,/film/6374/,/film/46068/,/film/4448519/,/film/603616/,/film/543331/,/film/311497/,/film/8385/,/film/46019/
/film/81555/,/film/427198/,/film/279850/,/film/84014/,/film/280938/,/film/1949/,/film/5058/,/film/77036/,/film/840754/,/film/5330/,/film/42248/
/film/485311/,/film/351/,/film/724703/,/film/279580/,/film/6175/,/film/596208/,/film/713051/,/film/406251/,/film/1209193/,/film/2056/,/film/808010/
/film/627/,/film/4871/,/film/573990/,/film/12244/,/film/1173444/,/film/416824/,/film/431148/,/film/81512/,/film/839961/,/film/470182/,/film/1069265/
/film/382/,/film/722951/,/film/782/,/film/2950/,/film/602749/,/film/557837/,/film/7651/,/film/924170/,/film/669902/,/film/462273/,/film/81491/
/film/3561/,/film/839818/,/film/412162/,/film/44027/,/film/506296/,/film/462247/,/film/807818/,/film/591789/,/film/744776/,/film/780188/,/film/20897/
/film/462682/,/film/1338480/,/film/41109/,/film/79204/,/film/1236583/,/film/79883/,/film/21844/,/film/402514/,/film/675565/,/film/826373/,/film/42088/
/film/326/,/film/807339/,/film/588/,/film/1108494/,/film/44467/,/film/280932/,/film/606698/,/film/42610/,/film/1211076/,/film/4484927/,/film/801868/
/film/1263705/,/film/327/,/film/252156/,/film/596001/,/film/759558/,/film/963346/,/film/1044045/,/film/542484/,/film/1112295/,/film/841743/,/film/94111/
/film/104992/,/film/42736/,/film/542581/,/film/463695/,/film/45748/,/film/1346514/,/film/3707/,/film/47040/,/film/716595/,/film/1236644/,/film/987151/
/film/448/,/film/43395/,/film/1121377/,/film/81584/,/film/669260/,/film/462342/,/film/1254051/,/film/958293/,/film/16445/,/film/676/,/film/4497446/
/film/32898/,/film/81297/,/film/77444/,/film/647671/,/film/17721/,/film/398099/,/film/392557/,/film/495017/,/film/102339/,/film/743392/,/film/496839/
/film/329/,/film/807318/,/film/705356/,/film/278171/,/film/395372/,/film/661/,/film/463437/,/film/810310/,/film/930442/,/film/195432/,/film/1942/
/film/325/,/film/450213/,/film/4518766/,/film/252626/,/film/198028/,/film/666951/,/film/6522/,/film/1073213/,/film/464/,/film/2768/,/film/1221042/
/film/367/,/film/4695/,/film/325439/,/film/819846/,/film/805650/,/film/448311/,/film/325701/,/film/5423/,/film/1008770/,/film/1040690/,/film/432747/
/film/355/,/film/432791/,/film/1304482/,/film/1142667/,/film/535337/,/film/522036/,/film/437040/,/film/412248/,/film/840992/,/film/430593/,/film/7466/
/film/435/,/film/461972/,/film/1209777/,/film/2494/,/film/938644/,/film/310960/,/film/705162/,/film/257337/,/film/5939/,/film/45524/,/film/1354524/
/film/104938/,/film/102198/,/film/518037/,/film/636/,/film/915112/,/film/1406473/,/film/1249198/,/film/932512/,/film/3984/,/film/722995/,/film/884376/
/film/4541/,/film/965754/,/film/981230/,/film/584405/,/film/1262160/,/film/15635/,/film/281869/,/film/87161/,/film/463952/,/film/46367/,/film/977383/
/film/1048334/,/film/408410/,/film/653696/,/film/469/,/film/4466/,/film/262771/,/film/813476/,/film/5319/,/film/102152/,/film/1451292/,/film/46080/
/film/944098/,/film/8151/,/film/46638/,/film/167491/,/film/470173/,/film/8043/,/film/424037/,/film/770634/,/film/6146/,/film/647453/,/film/1161271/
/film/522876/,/film/81733/,/film/925669/,/film/834394/,/film/1049103/,/film/673428/,/film/596362/,/film/461799/,/film/4840/,/film/601933/,/film/1093170/
/film/41519/,/film/417840/,/film/1234848/,/film/762750/,/film/841147/,/film/757898/,/film/1150547/,/film/968375/,/film/506444/,/film/42799/,/film/47814/
/film/930878/,/film/539/,/film/77596/,/film/751/,/film/3795/,/film/1189859/,/film/1238506/,/film/47093/,/film/12131/,/film/432794/,/film/220293/
/film/387556/,/film/680824/,/film/515/,/film/42571/,/film/6462/,/film/790/,/film/677798/,/film/278185/,/film/7636/,/film/455353/,/film/1281999/
/film/530/,/film/501333/,/film/418/,/film/45314/,/film/196604/,/film/577255/,/film/61324/,/film/4199/,/film/842913/,/film/32864/,/film/4442784/
/film/725190/,/film/258885/,/film/966036/,/film/893506/,/film/309423/,/film/48173/,/film/44719/,/film/409185/,/film/666731/,/film/397/,/film/409151/
/film/1043758/,/film/1047881/,/film/45028/,/film/1118042/,/film/7660/,/film/963016/,/film/197488/,/film/44691/,/film/736205/,/film/104921/,/film/843209/
/film/535341/,/film/281251/,/film/842493/,/film/454522/,/film/63920/,/film/320230/,/film/1828/,/film/402542/,/film/656093/,/film/43007/,/film/586488/
/film/470553/,/film/588672/,/film/4385/,/film/1996/,/film/635177/,/film/8827/,/film/1045777/,/film/1199529/,/film/841613/,/film/1254046/,/film/43553/
/film/519/,/film/255611/,/film/461782/,/film/12192/,/film/51481/,/film/939411/,/film/573869/,/film/569153/,/film/1347630/,/film/1165797/,/film/734276/
/film/278273/,/film/442568/,/film/678/,/film/1178267/,/film/1254059/,/film/575195/,/film/893362/,/film/4511/,/film/972745/,/film/463210/,/film/922150/
/film/463724/,/film/57166/,/film/495518/,/film/195435/,/film/1228069/,/film/1045585/,/film/406340/,/film/996027/,/film/102125/,/film/470037/,/film/923901/
/film/808639/,/film/523362/,/film/462938/,/film/395523/,/film/346/,/film/623721/,/film/46745/,/film/840234/,/film/1114965/,/film/705382/,/film/501958/
/film/848894/,/film/722827/,/film/439/,/film/464413/,/film/864138/,/film/539550/,/film/464130/,/film/1344821/,/film/463803/,/film/1256482/,
/film/6877/,/film/1348487/,/film/909700/,/film/523248/,/film/984364/,/film/86566/,/film/1142654/,/film/706/,/film/420475/,/film/462538/,
/film/395787/,/film/1060511/,/film/77132/,/film/470191/,,,/film/1208173/,/film/765103/,/film/80749/,/film/681881/,
/film/1183599/,/film/77439/,/film/581/,/film/979148/,,,/film/45822/,/film/980839/,/film/464446/,,
,/film/606646/,/film/350/,/film/11130/,,,/film/5930/,/film/500358/,/film/1024435/,,
,/film/43423/,,/film/1345158/,,,,,/film/48246/,,
,,,,,,,,/film/402550/,,
,,,,,,,,/film/736206/,,
,,,,,,,,/film/102160/,,
